Id,Label,Predominante,Engajamento
1,Entenda o que prop√µe a PEC do fim da escala 6x1 | CNN NOVO DIA,NEU,498842
2,Escala 6x1: quais os pr√≥ximos passos da proposta que pode mudar esquema de trabalho no Brasil,NEU,145532
3,FIM DA ESCALA 6X1,NEG,377254
4,Fim da escala 6x1: projeto domina redes sociais e pressiona deputados | SBT Brasil (11/11/24),NEG,567845
5,A PEC do FIM da ESCALA 6x1!,NEG,376786
6,Fim da escala 6x1: assinaturas necess√°rias protocolar PEC √© atingida | SBT Brasil (13/11/24),NEU,108881
7,Escala 6x1. Explora√ß√£o ou vadiagem?,NEG,396484
8,6x1: entenda o projeto que pede o fim da escala 6x1 | Leonardo Sakamoto,NEG,58632
9,FIM DA ESCALA 6X1: DESMASCARANDO OS ARGUMENTOS DA DIREITA,NEG,349678
10,5 Provas que a Escala 6x1 √© melhor que a 4x3,NEG,291123
11,ESCALA 6x1: especialistas analisam propor√ß√£o popular da discuss√£o no Brasil,NEU,43685
12,Novidades sobre o fim da escala 6x1!,NEU,31867
13,"""ESCALA 6X1 E A ROMANTIZA√á√ÉO DO SOFRIMENTO | Marcos Lacerda, psic√≥logo""",NEG,86314
14,Escala 6x1 na Matrix !,NEG,126243
15,ANALISANDO AS POL√äMICAS (E MEMES) SOBRE A ESCALA 6X1 | Diva Depress√£o,NEG,445378
16,O Fim da Escala 6 X 1,NEG,120625
17,ESCALA 6X1 #memes #escala6x1 #6x1,NEU,931915
18,FIM DA ESCALA 6X1 APROVADO NA C√ÇMARA DOS DEPUTADOS - REDU√á√ÉO DA JORNADA DE TRABALHO,NEG,11631
19,Erika Hilton fala √† CNN sobre PEC do fim da escala 6X1 | BASTIDORES CNN,NEU,229528
20,FIM DA ESCALA 6X1: ENTENDA COMO FUNCIONA O MODELO ATUAL E O QUE PODE MUDAR!,NEU,88695
21,ningu√©m aguenta mais a ESCALA 6x1,NEG,116202
22,Feliciano defende trabalho ‚Äòat√© a exaust√£o‚Äô em comiss√£o da C√¢mara,POS,53593
23,Se o fim da escala 6x1 for aprovado a bolsa acaba? √â o fim?,NEG,603289
24,O Fim da Escala 6x1 vai Quebrar a Economia do Brasil,NEU,84963
25,Escala 6x1: senador Cleitinho diz que √© desumana: 'Isso n√£o √© quest√£o de ideologia',NEG,539194
26,"""Clarissa Oliveira: Forte nas redes, PEC contra escala 6x1 ainda engatinha | LIVE CNN""",NEU,96521
27,DEBATE QUENTE sobre a ESCALA 6X1 - ARTHUR DO VAL X ALFREDINHO,NEU,180793
28,Fim da escala 6x1: Ministro do Trabalho diz que governo federal √© favor√°vel | SBT Brasil (14/11/24),NEU,92147
29,"""Fim da escala 6x1 √© 'bastante prejudicial' ao trabalhador, diz presidente do Banco Central""",NEG,71868
30,a TRUE por tr√°s da escala 6x1,NEG,28109
31,Redu√ß√£o da jornada de trabalho: PEC que acaba com a escala 6X1 est√° em debate,NEU,2171
32,"""PEC pelo fim da escala 6x1 deixou """"bolsonarismo zonzo"""", analisa Josias de Souza""",NEG,81616
33,FIM DA ESCALA 6x1! #politica #beaduarte,NEG,92901
34,FIM DA ESCALA DE TRABALHO 6x1: o que est√° sendo proposto? Como come√ßou o movimento? ESTAD√ÉO EXPLICA,NEU,56321
35,ESCALA 6X1: FIQUE RICO OU MORRA TENTANDO - DIRETO DO FIM DO MUNDO EP 08,NEG,154327
36,"""Fim da escala 6x1 vai """"quebrar a economia"""" ?""",NEU,68912
37,"""""""Fim da escala 6x1 n√£o pode ser em uma canetada, sem discuss√£o com a sociedade"""" | Sheila Magalh√£es""",NEU,1400
38,Debates acalorados na Camara sobre a escala 6x1,NEG,65740
39,Proposta de fim da escala 6x1 de trabalho causa mobiliza√ß√£o nas redes sociais,NEU,16642
40,Escala 6x1: O Que Ningu√©m Te Conta Sobre Seus Direitos e o Que Pode Mudar em Breve!,NEG,89998
41,Fim da escala de 6x1: PEC tem mais de 130 assinaturas | CNN NOVO DIA,POS,146468
42,Fim da escala 6x1? Veja o que pode mudar na jornada de trabalho,NEU,192196
43,"""PEC pelo fim da escala 6x1 consegue assinaturas para ser protocolada na C√¢mara, diz Erika Hilton""",NEU,158447
44,Press√£o pelo fim da escala 6x1 faz n√∫mero de deputados a favor crescerem,NEU,34750
45,Escala 6x1: debate sobre jornada de trabalho movimenta Congresso e redes sociais,NEG,87261
46,Cortella e Alexandre Schwartsman analisam manifesta√ß√µes pelo fim da escala 6x1,NEG,59134
47,Lula pede 'jornada de trabalho equilibrada' em discurso no G20 em meio ao debate sobre escala 6x1,NEU,30659
48,Como ACABAR com a ESCALA 6x1 de forma RESPONS√ÅVEL?,NEG,145452
49,DEBATE ESCALA 6X1: ARTHUR DO VAL X ALFREDINHO - Intelig√™ncia Ltda. Podcast #1377,NEG,520601
50,REFUTANDO QUEM √â CONTRA O FIM DA ESCALA 6X1 | F√ÅCIL DEMAIS,NEG,22003
51,REDU√á√ÉO DA ESCALA 6X1 #trabalhadores #6x1 #clt #trabalho #not√≠cias,NEU,8004
52,Gil do Vigor detona quem √© contra fim da escala 6x1: 'Trabalhador mais descansado √© mais produtivo',NEG,42081
53,Arthur do Val REFUTOU Alfredinho? ESCALA 6x1 (An√°lise Metaforando),NEU,54765
54,PROJETO DE FIM DA ESCALA 6X1 √â IMPULSIONADO PELAS REDES SOCIAIS E PRESSIONA CONGRESSO NACIONAL,NEU,6041
55,GAYER CHAMA PEC QUE ACABA COM ESCALA 6X1 DE PEC DO 'DESEMPREGO',NEG,48888
56,"""LUIZ FELIPE POND√â EXPLANA ESCALA 6x1, MERITOCRACIA E IMPACTO DAS REDES SOCIAIS; VEJA A √çNTEGRA""",NEG,128746
57,Fim da escala 6x1: voc√™ √© a favor ou contra? üë∑üèΩ‚è∞ #trabalho #profiss√£o #dinheiro #neg√≥cios #shorts,NEG,639174
58,Fala de Erika Hilton sobre escala 6x1 de Junho de 2024 viraliza ap√≥s popularidade da PEC,POS,72801
59,"""Fim da Escala 6x1 e 44h Vai Destruir Algumas Empresas, Odeio 6x1, mas entenda que....""",NEG,17045
60,Rick Azevedo critica PT por falta de ades√£o √† PEC que pede o fim da escala 6x1: 'O que t√° faltando?',NEG,142635
61,36 horas semanais e 4 dias de trabalho: o que diz PEC do fim da escala 6x1,NEG,190993
62,Como o fim da escala 6x1 pode impactar o mercado de trabalho,NEU,1991
63,FIM DA ESCALA 6X1:  √â POSS√çVEL DAR MAIS FOLGA PARA O TRABALHADOR?  | PALAVRA ABERTA,NEU,66261
64,Gustavo Uribe: Governo monitora debate sobre mudan√ßa em escala 6X1 | BASTIDORES CNN,NEU,20630
65,NIKOLAS FERREIRA CRITICA PROJETO QUE ACABA COM JORNADA 6X1: ‚ÄòPROPOSTA FANTASIOSA E CHEIA DE ERROS‚Äô,NEG,75061
66,Erika Hilton espera ter apoio do governo para fim da escala 6x1 | LINHA DE FRENTE,NEU,6631
67,Eduardo Moreira: √â fundamental abra√ßar a luta pelo fim da escala 6x1 de trabalho,NEU,31861
68,Mudan√ßa de jornada: Governo acompanha discuss√µes sobre fim da escala 6x1 | CNN PRIME TIME,NEU,343545
69,Escala 6x1: Deputado do PT defende jornada de 36 horas e prop√µe transi√ß√£o: 'N√£o tem custo',NEU,44522
70,A escala 6x1 vai acabar? Por que o assunto ganhou os holofotes,NEU,240912
71,O que PRECISAMOS FAZER pra TER a ESCALA 6X1? - ARTHUR DO VAL X ALFREDINHO,NEU,79858
72,Vida Al√©m do Trabalho: fim da escala 6x1 come√ßou com debate da Constitui√ß√£o | Carlos Juliano Barros,NEU,111540
73,"""""""O burnout vai continuar"""", avalia Delmanto Junior sobre redu√ß√£o da escala 6x1""",NEG,19721
74,PEC contra escala 6x1: atos em apoio √† proposta acontecem ao redor do Brasil | SBT Brasil (15/11/24),NEU,186922
75,Pedro Duran: Pr√≥s e contras da escala 6X1 | CNN NOVO DIA,NEU,24062
76,Escala 6x1: PEC pelo fim da jornada de trabalho 6x1 chega a 134 assinaturas; s√£o necess√°rias 171,NEU,55008
77,AS MENTIRAS DE NIKOLAS FERREIRA SOBRE A ESCALA 6x1,NEG,71254
78,TRABALHADORES DA PEPSICO FAZEM A PRIMEIRA GREVE CONTRA ESCALA 6X1 NO BRASIL,NEG,68840
79,P√ÇNICO DISCUTE A VERDADE SOBRE A POL√äMICA ESCALA 6X1 E ANALISA TUDO!,NEG,261546
80,Bolsonaro se manifesta sobre fim da escala 6x1 e critica partidos de esquerda | O POVO NEWS,NEU,10840
81,URGENTE: FIM DA ESCALA 6X1 EXPLICADO ENTENDA DE UMA VEZ POR TODAS,NEG,35280
82,"""Escala 6x1: """"PEC est√° alinhada com a realidade internacional e do Brasil"""", diz analista l OP NEWS""",POS,2017
83,Ig√£o DISCUTE sobre FIM DA ESCALA 6X1 com PSIQUIATRA,NEG,103046
84,A ESCALA 6X1,NEU,23303
85,FIM DA ESCALA 6X1 (COM ESTUDOS) ‚Ä¢ F√≠sica e Afins,NEG,37323
86,A QUEDA DA ESCALA 6x1: LEO PICON vs ERIKA HILTON? (Precisamos falar sobre o Brasil),NEG,168689
87,Refutando as mentiras de Nikolas Ferreira sobre o fim da escala 6x1,NEG,154335
88,"""Debate sobre escala 6X1 reorganizou a classe trabalhadora, diz autora da PEC | CNN 360¬∫""",POS,132582
89,"""NIKOLAS FERREIRA EXPLANA ESCALA 6X1, DETONA TAXAS EXCESSIVAS E QUARENTENA NA PANDEMIA; VEJA √çNTEGRA""",NEU,73195
90,URGENTE: A Escala 6x1 vai acabar?,NEG,30778
91,O FIM DA ESCALA 6X1 EXPLICADO,NEU,193189
92,Escala 6x1: Alckmin discute teto de gasto e diz que jornada de trabalho menor √© 'tend√™ncia',POS,44161
93,IA News: Funcion√°rios da Pepsico Brasil pedem fim da escala 6x1; Samy Dana analisa,NEU,3996
94,FIM DA ESCALA 6x1 | Analisando pontos importantes,NEG,22585
95,KIM KATAGUIRI SE POSICIONA CONTRA PROJETO QUE ACABA COM A ESCALA 6x1 DE TRABALHO,NEG,67766
96,"""Empres√°rio: Como o fim da escala 6x1, neg√≥cios v√£o fechar | CNN 360¬∞""",NEG,4674
97,"""IAN RESPONDE: COMBATE AO RED PILL, ESPERAN√áA E ESCALA 6X1 | #16""",NEU,130290
98,"""O FIM da Escala 6X1 NaÃÉo eÃÅ uma DiscussaÃÉo Econ√¥mica, Marxistas no Mercado Financeiro - JK Cast #204""",NEU,66310
99,Escala 6x1: Luana Piovani defende PEC e critica os 'ricos de direita': 'Por que n√£o t√™m compaix√£o?',NEG,50166
100,FIM DA ESCALA 6X1 - RENATO FREITAS NA VOZ #EP5,NEU,68421
101,"""√önico deputado do PL a apoiar PEC contra escala 6x1: 'Por ser da Erika Hilton, n√£o vou analisar?'""",NEU,40135
102,Especialista em Direito do Trabalho explica consequ√™ncias do fim da escala 6x1,NEU,5763
103,Nikolas Ferreira sobre poss√≠vel fim da escala 6x1: ‚ÄúMedida populista que gera desemprego e infla√ß√£o‚Äù,NEG,142545
104,FIM DA ESCALA 6X1 FUNCIONARIA NO BRASIL?,NEG,31304
105,CARLA DA SUA OPINI√ÉO SOBRE A ESCALA 6X1,NEG,14492
106,PEC que pro√≠be escala 6x1 consegue 171 assinaturas | LIVE CNN,POS,52007
107,NACIONALISTA RUB√ÉO PEDE O FIM DA ESCALA 6X1,NEG,242180
108,NEGARAM O FIM DA ESCALA 6X1!!? #clt #meme #memes #engra√ßado,NEG,846501
109,"""Nikolas Ferreira critica texto de PEC contra escala 6x1: 'Terrivelmente elaborado', diz em v√≠deo""",NEG,91232
110,"""FIM DA ESCALA DE TRABALHO 6X1 'IRIA ANULAR REFORMA TRABALHISTA"""", DIZ PRESIDENTE DO BANCO CENTRAL""",NEU,6429
111,ESSA √â A VERDADE SOBRE O FIM DA ESCALA 6X1,NEG,88034
112,"""Escala 6x1: Redu√ß√£o de jornada √© tend√™ncia, mas, por meio de lei, eleva informalidade, diz Landim""",NEU,17440
113,Escala 6x1: uma nova era de avalia√ß√£o no trabalho ou risco √† Justi√ßa Trabalhista?,NEG,45830
114,FIM DA ESCALA 6X1: Katia come√ßa a trabalhar no Supermercado e j√° se mete em confus√£o: CLT,NEG,365010
115,L√âO PICON E SAMY DANA DEFENDEM ESCALA 6X1 E DETONAM MEDIDA POPULISTA,NEG,71980
116,Escala 6x1: Erika Hilton fala ao vivo sobre PEC que reduz a jornada de trabalho; acompanhe,NEU,84665
117,FUI NAS RUAS PELO FIM DA ESCALA 6X1,NEU,145291
118,Especialista explica pol√™micas sobre PEC contra escala 6x1: ‚ÄúAumento de custos consider√°vel‚Äù,NEU,11981
119,Gamer da ESCALA 6x1,NEU,110821
120,Mudan√ßa na ESCALA 6X1 foi APROVADA? Veja os pr√≥ximos passos,NEU,622
121,TRABALHADOR EXAUSTO FAZ DESABAFO SOBRE ESCALA 6X1,NEG,134555
122,A ESCALA 6X1 VAI ACABAR?,NEG,39629
123,PEC da escala 6x1: Nikolas Ferreira √© cobrado por n√£o assinar texto,NEG,100324
124,NIKOLAS PODE TER USADO IA PARA ATACAR FIM DA ESCALA 6X1 | PLANT√ÉO,NEU,45179
125,Entenda a PEC que prop√µe o fim da escala 6x1,NEG,3366
126,Fim da escala 6x1: PEC atinge assinaturas necess√°rias | Chega Mais Not√≠cias (13/11/24),NEU,274238
127,Desabafo REAL Sobre a Escala 6x1: Vale a Pena?,NEG,46095
128,"""Fim da escala 6x1 virou tema 'incontorn√°vel' no Congresso ap√≥s press√£o da sociedade, diz Boulos""",NEU,34725
129,ESCALA 6x1: A ROTINA QUE DESTR√ìI MILH√ïES de BRASILEIROS (V√≠deo Irrefut√°vel),NEG,149243
130,L√©o picon fala a favor da ESCALA 6X1,NEG,772092
131,"""Escala 6x1: Nikolas passa recibo e mostra debate da PEC como derrota do extremismo, diz  Sakamoto""",NEG,396593
132,O FIM DA JORNADA 6x1... TUDO O QUE VOC√ä PRECISA SABER!,NEG,251565
133,Escala 6x1 e os impactos na vida do trabalhador brasileiro | Papo R√°pido | GNT,NEU,5789
134,"""Escala 6x1: Com PEC, PSOL sai das cordas e consegue emplacar pauta antissistema, diz Josias de Souza""",NEG,47957
135,"""Fim da escala 6x1 resultar√° na troca de pessoas por m√°quinas, diz deputado do Novo""",POS,12285
136,Fim da escala 6x1 | Parte 1,NEG,7107
137,N√ÉO TEM POBREZA QUE RESISTA A 14 HORAS DE TRABALHO (Escala 6X1),NEG,470994
138,Argumentos contra o fim da escala 6x1 repetem falas j√° usadas,NEU,11506
139,Por que a proposta do fim da escala 6x1 √© a 4x3?,NEU,31604
140,Manifesta√ß√µes pelo fim da escala 6x1 s√£o realizados em capitais | Primeiro Impacto (15/11/24),NEU,52343
141,FELIPE NETO TEVE SAL√ÅRIO DOS FUNCION√ÅRIOS VAZADOS AP√ìS DISCUTIR SOBRE ESCALA 6x1,NEG,244241
142,"""Sheila Magalh√£es reage a poss√≠vel fim da escala 6x1: """"Tend√™ncia nas grandes economias""""""",NEG,22088
143,Bilynskyj critica PEC da escala 6x1 de Erika Hilton,NEG,36768
144,PEC da escala 6x1: Deputada Erika Hilton explica proposta em entrevista exclusiva | SBT News,POS,60618
145,DEUS √â CONTRA A ESCALA 6x1? OS 10 MANDAMENTOS PRO√çBEM?,NEU,47653
146,Ministro sobre escala 6X1: √â importante que as pessoas possam ter lazer | BASTIDORES CNN,NEU,17050
147,O fim da escala 6x1 e as mudan√ßas no mundo do trabalho | Prof. Raphael Reis,NEU,2247
148,üö®ALERTA: FIM DA ESCALA 6x1 COLOCAR√Å EM XEQUE OS EMPREGOS NO BRASIL?,NEU,113104
149,A ESCALA 6x1 VAI ACABAR? | PAUTA QUENTE,NEG,136833
150,ECONOMISTA CALCULA QUANTO O FIM DA ESCALA 6X1 PODE CUSTAR AOS EMPRES√ÅRIOS,NEU,46674
151,A VERDADE SOBRE A ESCALA 6x1,NEG,136229
152,Proposta do fim da escala 6x1 recebe apoio popular,NEU,7110
153,"""Escala 6x1: Deputado do PL critica modelo e diz que debate """"n√£o √© quest√£o de ideologia""""""",NEG,29719
154,REAGINDO AS PIORES OPINI√ïES sobre ESCALA 6X1!,NEG,76550
155,FIM DA ESCALA 6x1: Any Ortiz explica sua posi√ß√£o sobre PEC | Timeline,NEU,8634
156,Zema sobre escala 6x1: Deveria ficar a cargo da empresa e do trabalhador | CNN 360¬∫,NEU,3010
157,RAIDEN √â A FAVOR DO FIM DA ESCALA 6X1,NEG,51833
158,ESPOSA DE DEYVERSON OPINA SOBRE ESCALA 6X1: ‚ÄòSER√Å QUE A CULPA √â DO SEU CHEFE?‚Äô,POS,3998
159,Campos Neto volta a fazer cr√≠ticas √† PEC contra escala 6x1: ‚ÄúVai contra reforma que foi feita‚Äù,NEG,1748
160,Escala 6x1: JADE PICON se posiciona ap√≥s fala POL√äMICA do irm√£o; veja v√≠deo,NEG,8422
161,Luana Piovani se manifesta contra escala 6x1,NEG,4830
162,Fim da escala 6x1: saiba quem √© o √∫nico deputado do PL que assinou PEC,NEU,104740
163,A PEC do fim da ESCALA 6X1 vai ARRUINAR sua vida,NEG,96376
164,üü°üîµ TRABALHO ESCALA 6x1. FEZ UM ESTRAGO NA MINHA VIDA,NEU,10300
165,PEC pelo fim da escala 6x1 atinge assinaturas necess√°rias para tramitar no C√¢mara dos Deputados,NEU,107544
166,"""PEC contra escala 6x1 pode n√£o conseguir 4x3, mas abre caminho para o 5x2 | Leonardo Sakamoto""",NEG,8116
167,L√©o Picon REAGE ap√≥s 'massacre' por fala sobre ESCALA 6x1 e diz que n√£o √© contra os trabalhadores,NEG,4592
168,PEC pelo fim da escala 6x1 divide opini√µes entre representa√ß√µes de empregadores e trabalhadores,NEU,50
169,GAYER CRITICA PROJETO QUE PEDE FIM DA ESCALA 6X1: ‚ÄúPEC DO DESEMPREGO‚Äù,NEG,359
170,Jussara Soares: PEC que determina fim da escala 6x1 pressiona direita e surpreende governo | CNN 360,NEU,10503
171,ESCALA 6X1 Saiba o que j√° est√° em vigor!,NEU,1863
172,FIM DA ESCALA 6X1: ENTENDA A DISCUSS√ÉO!,NEU,127299
173,PEC do fim da escala 6x1: Manifesta√ß√µes de apoio devem acontecer em 6 capitais | O POVO NEWS,POS,68499
174,TRETA: A ESCALA 6X1 | AN√ÅLISES RENAIS | Renan Santos,NEG,82602
175,PEC do fim da escala 6x1 atinge assinaturas necess√°rias para tramitar,POS,9441
176,ESCALA 6X1: Impactos no CORPO e na MENTE | ANA BEATRIZ,NEU,25686
177,JAMAIS TRABALHE NA ESCALA 6x1,NEU,5854
178,O que √© a PEC da escala 6x1,NEU,2656
179,"""Feliciano sobre Escala 6x1: """"Nos EUA, todos trabalham at√© a exaust√£o pra ver prosperidade e riqueza""""""",POS,31792
180,"""Escala 6x1: PEC deve ter as assinaturas suficientes nesta semana, diz deputada Erika Hilton""",NEU,342592
181,Fim da escala 6x1 | Entenda agora,NEG,2159
182,O fim da Escala 6x1: Como essa mudan√ßa afeta Pequenos Empres√°rios e Trabalhadores,NEU,29246
183,FIM DA ESCALA 6X1 NOS CONCURSOS P√öBLICOS. O que muda na pr√°tica?,NEU,2703
184,FIM DA ESCALA 6X1 DEIXA EXTREMA DIRETA DESORIENTADA,NEU,6324
185,Vereador eleito no Rio com proposta contra escala 6x1 celebra repercuss√£o: ‚ÄòSonhei com esse dia‚Äô,POS,6350
186,PELO FIM DA ESCALA 6X1,POS,19934
187,Alexandre Garcia: PEC que acaba com escala de trabalho 6x1 √© burra,NEG,50612
188,"""Fim da escala 6x1 tem pr√≥s e contras; se PEC for aprovada, implementa√ß√£o tem de ser gradual | Kupfer""",NEG,11862
189,ESCALA 6x1: PAVANATO vs FEMINISTA,NEG,189593
190,Fim da escala 6x1? PEC prop√µe diminui√ß√£o da jornada de trabalho,NEG,20942
191,üî•Erika Hilton pauta fim da escala 6x1 e bomba nas redesüî•Nikolas Ferreira massacrado por votar contra,POS,171932
192,Kim Kataguiri fala de escala 6x1 e governo Lula,NEG,17483
193,Escala 6x1: Vice-l√≠der da oposi√ß√£o critica PEC de Erika Hilton e prop√µe pagamento por hora,NEG,45208
194,Humanizei a Escala 6x1 #shorts,NEU,540498
195,Fim da escala 6x1: Entenda como funciona o modelo atual e o que PEC pode mudar,NEU,38020
196,PEC pelo fim da escala 6x1 atinge assinaturas e j√° pode tramitar no Congresso,NEU,86447
197,GOVERNADOR DE MINAS CRITICA CRIA√á√ÉO DE LEI PARA MUDAR ESCALA DE TRABALHO 6X1 NO BRASIL,NEU,84233
198,"""Escala 6x1: Brasil est√° entre os pa√≠ses com jornada mais excessiva, diz advogada trabalhista""",NEU,7383
199,JONES MANOEL e CRISTIANO CAPOREZZO - DEBATE - FIM DA ESCALA 6x1 - PODCAST 3 IRM√ÉOS #672,NEG,309465
200,"""PEC da escala 6x1: Nikolas Ferreira diz que proposta √© """"terrivelmente elaborado"""" l O POVO NEWS""",NEG,71052
201,"""Fim da escala 6x1 √© promover justi√ßa aos trabalhadores, defende senador Rog√©rio Carvalho""",NEU,3555
202,Quer ARRUINAR a sua vida? Trabalhe na ESCALA 6X1,NEU,568013
203,CLEITINHO E JORGE SEIF DISCUTEM SOBRE ESCALA 6X1 NO SENADO,NEU,90895
204,CLT de escala 6x1 no dia da folha #humor #shorts #comedia #6x1,NEU,899
205,P√ÇNICO ANALISA NOVOS DETALHES SOBRE A POL√äMICA ESCALA 6X1 E DEBATE AO VIVO!,NEU,69148
206,VALE A PENA DESTRUIR SUA VIDA EM UM SUBEMPREGO? | ESCALA 6X1,NEG,5984
207,Pelo fim da escala 6x1,NEG,959
208,Fim da escala 6x1 ganha press√£o nas redes sociais e deve ser discutida no Congresso | Central Meio,NEU,7686
209,ESCALA 6X1 #shorts #pobretambemdubla,NEG,146218
210,PROPOSTA sobre o FIM da ESCALA 6X1,NEG,18888
211,Luana Piovani critica 'ricos de direita' e defende fim da escala 6x1: 'Por que n√£o tem compaix√£o?',NEG,21684
212,DEPUTADOS QUE TRABALHAM 3X POR SEMANA EST√ÉO CONTRA O FIM DA ESCALA 6x1,NEG,253411
213,"""Eduardo marinho, minha opini√£o sobre a escala 6x1""",NEG,64701
214,FIM DA ESCALA 6X1: EMPRES√ÅRIOS ABREM O JOGO SOBRE O FUTURO DA ECONOMIA | BRASIL √Ä BEIRA DO COLAPSO?,NEG,103963
215,Fim da escala 6x1: veja quais deputados j√° assinaram a PEC,NEU,144000
216,SKATISTA NA ESCALA 6X1 #shorts,NEU,981886
217,"""UM DIA NO MEU TRABALHO ( SUPERMERCADO,ESCALA 6X1 )""",NEG,263184
218,Governo se pronuncia sobre discuss√£o que extingue escala 6x1,NEG,13675
219,üî•Escala 6x1 escancara perversidade da direitaüî•Nikolas √© massacradoüî•Luana Piovani e famosos postamüî•,NEG,250130
220,O GRANDE DEBATE - COMO FIM DA ESCALA 6X1 IMPACTA MERCADO DE TRABALHO? - 11/11/2024,NEU,29190
221,ESCALA 6X1: PEC QUE QUER REDUZIR JORNADA DE TRABALHO CONSEGUE ASSINATURAS PARA SER PROTOCOLADO,NEG,3837
222,"""BETTINA, A HERDEIRA VISION√ÅRIA e a ESCALA 6x1 (completo) - Murilo Moraes no Show do React""",POS,100868
223,COMO O FIM DA ESCALA 6X1 PODE IMPACTAR EMPRESAS E TRABALHADORES? #FN,NEU,10982
224,"""Varandas: Lula """"foge"""" de pol√™mica sobre escala 6x1 | CNN 360¬∫""",NEG,21083
225,DAN DA DAN - FUGINDO DA ESCALA 6X1 üëπü§Ø,NEG,129860
226,O FIM DA ESCALA 6X1 (ningu√©m quer trabalharüò¢),NEG,144823
227,VEJA AS MANIFESTA√á√ïES PELO FIM DA ESCALA 6X1 EM BRAS√çLIA E BELO HORIZONTE,NEU,6458
228,Meu pronunciamento na treta com Leo Picon sobre escala 6x1,NEG,274747
229,ESCALA 6X1 e fim do concurso de CARREIRA! Concurso CLT agora!,NEG,8977
230,FIM DA ESCALA 6X1: ELES EST√ÉO DESESPERADOS!!!,NEU,35875
231,Fim da escala 6x1: Proposta se aproxima de 150 assinaturas | O POVO NEWS,NEU,80614
232,PAULO KOGOS TENTA EXPLICAR PORQUE √â A FAVOR DA ESCALA 6X1 | Gal√£s Feios,NEG,93696
233,Se o fim da ESCALA 6x1 for aprovado a BOLSA acaba? √â o fim?,NEU,55034
234,"""SUBCELEBRIDADE, MOUR√ÉO E NIKOLAS S√ÉO A FAVOR DA ESCALA 6X1 E IRRITAM SEGUIDORES | Gal√£s Feios""",NEG,107936
235,E ainda trabalha em escala 6x1 üò¢,NEU,754869
236,A ESCALA 6X1 FOI ABOLIDA!?! #trabalho #clt #escala6x1,NEU,682455
237,Trabalhadores fazem greve contra escala 6x1,NEU,629
238,Gustavo Gayer detona Fim da Escala 6x1 de trabalho proposta por Erika Hilton do PSOL,NEG,14220
239,PEC que prev√™ fim da escala 6x1 ainda precisa de assinaturas e agita a C√¢mara dos Deputados,NEU,90623
240,Leo Picon volta a se pronunciar ap√≥s pol√™mica da escala 6x1,NEG,3248
241,Escala 6x1 vai acabar?  Governistas querem 3 dias de folga na semana,NEG,13691
242,"""ADEUS ESCALA 6X1, ADEUS SUPERMERCADO : PEDI DEMISS√ÉO !!""",NEU,62471
243,Escala 6x1 - O Jovem quer SABER!!!,NEG,741129
244,Trabalhadora em escala 6x1 explica por que apoia PEC: 'Quero criar mem√≥rias com a minha filha',NEU,16430
245,MOVIMENTO VAT E O FIM DA ESCALA 6x1 | Gustavo Gaiofato,NEU,41296
246,Fim da Escala 6x1: Nikolas Ferreira detonado nas Redes Sociais,NEG,10052
247,PEC do fim da escala 6x1 √© uma farsa,NEG,37180
248,PELO FIM DA ESCALA 6X1! PAUTA GANHA REDES SOCIAIS! Hora de PRESSIONAR,NEG,82754
249,SEU OSMAR E A ESCALA 6X1 DO ROBERTO ELE TA CANSADO DE TRABALHAR TENTE N√ÉO RIR ü§£ #humor #memes ü§†,NEG,7893
250,FIM DA ESCALA 6X1 !,NEG,1494
251,Cau√™ Moura e Load Comics falando BOSTA sobre a ESCALA 6X1,NEG,71825
252,Senador Cleitinho (PL-MG) discursa em apoio a PEC do fim da escala 6x1 | O POVO NEWS,NEG,10254
253,PELO FIM DA ESCALA 6X1 ‚úä,POS,59027
254,MEMES pra te AJUDAREM na ESCALA 6x1 - Cinema dos MEMES,NEG,71983
255,A campanha do Brasil 247 para manter a escala 6x1,NEU,72341
256,FIM DA ESCALA 6x1 PODE DESTRUIR A ECONOMIA BRASILEIRA,NEU,18229
257,Erika Hilton rebate Nikolas Ferreira sobre escala 6x1: 'Quem tem coragem de debater assina a PEC',NEG,30854
258,O DESABAFO DE UM TRABALHADOR ESCALA 6X1,NEU,71339
259,Escala 6x1: Como surgiu o debate sobre o assunto? #trabalhadores #6x1 #direitostrabalhistas,NEU,859
260,Proibir a escala 6x1: est√£o te enganando!,NEG,67697
261,ESCALA 6x1: INTERNET VIRALIZA V√çDEO DE FELICIANO E MONARK QUE PARECE COISA DO S√âCULO 19 | Cortes 247,NEG,210683
262,A ESCALA 6X1 TEM QUE ACABAR?,NEG,32019
263,escala 6x1,NEU,46
264,PEC do fim da escala 6x1 atinge 194 assinaturas; veja quais deputados assinaram l O POVO NEWS,NEU,38719
265,ESCALA 6x1: Ser√° o fim desse modelo de trabalho?,NEU,5214
266,UM DESABAFO da ESCALA 6X1,NEG,330391
267,ESCALA 6x1,NEG,202263
268,NANDO MOURA CONTRA A ESCALA 6X1,NEG,15459
269,ENTENDA A POL√äMICA SOBRE A PROPOSTA DO FIM DA ESCALA 6X1,POS,16007
270,"""‚ÄúSurpreendente projeto da escala 6x1 ter ganhado essa dimens√£o‚Äù, afirma Trindade""",POS,1528
271,Entrevista: Nikolas Ferreira e a escala 6x1,NEG,34168
272,"""MILION√ÅRIO, IRM√ÉO DE JADE PICON, SE REVOLTA CONTRA O FIM DA ESCALA 6x1 | PLANT√ÉO""",NEG,64131
273,"""O POVO FALA: FIM DA ESCALA 6X1, QUAL A OPINI√ÉO DO TRABALHADOR?""",NEG,25907
274,SENADOR DE EXTREMA DIREITA √â CONTRA ESCALA 6X1 E A FAVOR DOS TRABALHADORES | Gal√£s Feios,NEG,28058
275,Escala 6x1: eu sou contra!,NEG,34485
276,ESCALA 6X1 N√ÉO √â VIDA! PRECISAMOS FALAR SOBRE ISSO,NEG,4577
277,Como tankar a escala 6x1 #gaming #shorts,NEU,52069
278,Escala 6x1: Centr√£o tenta derrubar ofensiva pelo fim do modelo com 'PEC do Ganho por Hora' | Matais,NEG,24825
279,Destruindo as mentiras de Kim Kataguire sobre o fim da escala 6x1,NEG,68455
280,"""Escala 6x1: PEC chega a 134 assinaturas; morte de delator do PCC, Mauro Vieira ao vivo e+|  UOL News""",NEU,101870
281,Escala 6x1 | #humor,NEG,814359
282,PEC de Erika Hilton (PSOL/SP) pelo fim da escala 6x1 avan√ßa; press√£o sobre deputados √© fundamental,NEU,6488
283,Fim da escala 6x1 e a jornada de trabalho,NEU,2201
284,Escala 6x1: A Escravid√£o dos Tempos Modernos!,NEG,10063
285,PEC contra escala 6x1; militares x corte de gastos; avalia√ß√£o do governo Lula cai e mais ao vivo,NEU,24703
286,Fim da escala 6x1: Entenda projeto apresentado por Erika Hilton que agita redes sociais |O POVO NEWS,NEU,37171
287,ESCALA 6X1: A VERDADE QUE NING√âM TE CONTA,NEG,11161
288,NIKOLAS FERREIRA DETONA FIM DA ESCALA 6X1: ‚ÄúMEDIDA POPULISTA QUE GERA DESEMPREGO E INFLA√á√ÉO‚Äù,NEG,8860
289,Dr. √© verdade que vai acabar a escala 6x1?,NEU,485
290,Michael Jackson √â SINCERO sobre a ESCALA 6x1,NEU,90569
291,DK47 fala sobre ESCALA 6x1 e d√° SALVE nos RAPPERS,NEG,9161
292,POR QUE acabar com a JORNADA 6x1? Advogado comenta A PEC DO FIM DA ESCALA 6X1,NEU,3043
293,ZEUS REAGE: O PROBLEMA S√ÉO VOC√äS E N√ÉO A ESCALA 6X1!,NEG,6346
294,FIM DA ESCALA 6X1 COM REDU√á√ÉO DE JORNADA DE TRABALHO - APROVA√á√ÉO PELOS DEPUTADOS FIM DA ESCALA 6X1,NEU,2308
295,"""Felipe Neto, L√©o Picon, Luana Piovani, Popozuda e mais famosos se manifestam sobre fim da escala 6x1""",NEG,40242
296,Fim da escala 6x1 #escala6x1 #6x1 #fimdaescala6x1 #pedreiro #constru√ß√£o,NEG,9208
297,SA√ç DO MEU EMPREGO/ ADEUS ESCALA 6x1.,NEU,6137
298,PEC do Fim da Escala 6x1: O Que Muda para os Trabalhadores?,NEU,4966
299,A vida da pessoa que √© a favor da escala 6x1,POS,145846
300,"""E a√≠, galera? Fim da escala 6x1! O que vamos fazer agora?""",POS,175
301,A DEPRESS√ÉO de Trabalhar na ESCALA 6x1,NEG,15882
302,EXTREMA DIREITA TENTA SEQUESTRAR PAUTA DO FIM DA ESCALA 6X1 | Gal√£s Feios,NEG,29326
303,A REALIDADE DA ESCALA 6x1! #ruyter #ruyterpoubel,NEU,17332
304,O FIM DA ESCALA 6X1 | NIKOLAS FERREIRA |,NEG,23039
305,Escala 6x1  ..Sabe de nada kkkkk #portugal#trabalharemportugal #trabalho #6x1 #clt  #humor,NEU,2385
306,Escala 6x1 - o que n√£o te contaram,NEG,620834
307,O fim da escala 6x1 √© uma oportunidade pol√≠tica √∫nica (e o governo t√° vacilando),NEG,80760
308,"""AP√ìS VIRALIZAR NAS REDES SOCIAIS, PROTESTOS POR FIM DA ESCALA 6X1 PASSA POR PRIMEIRO TESTE NAS RUAS""",NEU,4584
309,A ESCALA 6x1 TEM QUE ACABAR - MURILO REAGE (Cortes da Live do Suco de Brasil),NEG,16295
310,O QUE N√ÉO TE CONTAM SOBRE O FIM DA ESCALA 6X1?,NEG,3868
311,TOSHI E MAKO SUPERAR√ÉO A ESCALA 6X1? | Fast Food Simulator,NEG,36341
312,pec do fim da escala 6x1: ser√° que funciona?,NEG,7870
313,NATHAN M.B.C. MANDA A REAL SOBRE A ESCALA DE TRABALHO 6X1 (VAT: MOVIMENTO VIDA AL√âM DO TRABALHO),NEG,38238
314,"""PELO FIM DA ESCALA 6x1: Nacionalismo e a defesa da Fam√≠lia, da F√© e do Trabalhador Nacional!""",POS,2487
315,Ser√° o fim da escala 6x1? O que muda? A bolsa vai acabar? - com Ben Zruel,NEG,21630
316,FIM DA ESCALA 6x1: por que esse tipo de trabalho tem que acabar?,NEG,234535
317,"""Afinal, o que √© a Escala 6x1 ? #noticias #direitotrabalho #escala6x1 #6x1 #pec  #direitotrabalhador""",NEU,23158
318,"""Escala 6x1 em Debate: Famosos como Leo Picon, Jade, Luana Piovani e Gil do Vigor opinam sobre a PEC""",NEG,2233
319,Fiz uma compara√ß√£o da escala 6X1 do trabalhador com a do pol√≠tico.,NEU,148967
320,ESCALA 6X1 NO CHIPANZIL NUNCA VAI ACABAR!!,NEG,8880
321,A TRAG√âDIA DO HOMEM CLT E O FIM DA ESCALA 6X1,NEG,3144
322,Jornal Acontece: Audi√™ncia P√∫blica pelo fim da escala 6x1,NEU,173
323,FIM DA ESCALA 6x1 #hamletpng #shorts,NEG,402568
324,tem como fazer a ESCALA 6X1 ser MENOS PIOR?,NEG,12195
325,A maioria do povo brasileiro quer o fim da escala 6x1,NEU,15445
326,Trabalhe na escala 6x1 e morra de trabalhar (ganhando um sal√°rio m√≠nimo),NEG,42222
327,"""Assine a peti√ß√£o pra acabar com a escala 6x1, link nos coment√°rios #punkbrasil #escala6x1 #memes""",NEU,1220
328,Como SAIR da ESCALA 6X1 para sempre,NEU,33913
329,tentando SER FELIZ mesmo na ESCALA 6X1! #curiosidades #trabalho,POS,2706
330,SUPER XAND√ÉO SOLTA O VERBO SOBRE A ESCALA 6X1,NEG,12029
331,FIM DA ESCALA 6X1: VALE A PENA PARA O EMPRES√ÅRIO? | CORTES,NEU,7524
332,"""Enquanto a sociedade discute a escala 6X1, extrema direita pauta novamente fim do aborto legal""",NEG,4688
333,MBL EXP√ïE VERDADE INCONVENIENTE SOBRE ESCALA 6X1 | Cortes do @MBLiveTV,NEG,54730
334,FIM DA ESCALA 6X1: ENTENDA A PROPOSTA ABSURDA QUE PODE DESTRUIR O BRASIL!,NEG,28904
335,A ESCALA 6x1 PRECISA ACABAR? (esse v√≠deo exp√µe nossa mis√©ria),NEG,41292
336,Michael e a escala 6x1 üòÇ #michaeljackson  #lord  #podcast  #flowpodcast  #cortes  #humor,NEG,175267
337,Do Sofrimento ao FIM da ESCALA 6x1 com Luide Matos e Jo√£o Carvalho por Vida Al√©m do Trabalho,NEG,26453
338,J√° assinou a peti√ß√£o contra a escala 6x1? #memes #punkbrasil #vat #movimentovidaalemdotrabalho #punk,NEU,833
339,O fim da escala 6x1 √© urgente!,POS,4962
340,Relatora afirma que impactos negativos da escala 6x1 n√£o foram calculados,NEG,18596
341,üî¥ AO VIVO: PEC contra escala 6x1 tem apoio do PT de Lula e pressiona direita pr√≥-Bolsonaro | OP News,NEU,2729
342,5 RISCOS da ESCALA 6x1 | DANDO O FURO,NEG,37237
343,TREZOITAO √â A FAVOR DA ESCALA 6X1?,NEU,514208
344,Fim da escala 6x1? Deputados federais discutem PEC contra jornada | Conversas Cruzadas | 12/11/2024,NEG,3511
345,SACANI MANDA A REAL SOBRE PEC CONTRA ESCALA 6X1,NEG,312743
346,ECONOMISTA EXPLICA: ESCALA 6X1 DEVE ACABAR | CORTES,NEU,18016
347,Luiz Philippe explica por que √© contra o fim da escala 6x1,NEG,14966
348,ABRASEL: PEC DA ESCALA 6X1 √â ESTAPAF√öRDIA / STF JULGA RECURSO DE COLLOR | LINHA DE FRENTE 12/11/2024,NEG,36178
349,"""Lado B do Rio #328 ‚Äì Contra a escala 6x1, com Rick Azevedo (PSOL-RJ)""",NEG,1486
350,O FIM DA ESCALA 6X1 √â UMA UTOPIA NO BRASIL!,NEU,465
351,Essa escala 6x1 eu n√£o aguento mais #shorts #drama,NEG,262418
352,ESCALA 6X1 / CLT E A ESCRAVID√ÉO MODERNA,NEG,2016
353,"""FIM DA ESCALA 6X1: os pr√≥s, os contras e tramita√ß√£o no Congresso | Ga√∫cha Atualidade | 13/11/2024""",NEU,10087
354,PASTOR CONDENA FIM DA ESCALA 6X1 | CORTES,NEG,28198
355,PATRULHA CLT E A ESCALA 6X1,POS,11172
356,CEROL DAR SUA OPINI√ÉO SOBRE A ESCALA 6X1,POS,761
357,ARTHUR DO VAL DETONA PEC DA ESCALA 6x1| E Detalhe | Arthur do Val,NEU,38824
358,VOC√ä APOIA A ESCALA 6x1? #chefe #humor #esposa,POS,53997
359,ESCALA 6X1: N√ÉO √â O √öNICO PROBLEMA | CORTES,NEG,6571
360,DESABAFO DA ESCALA 6X1,NEU,3961
361,pelo fim da escala 6x1: chega!,NEG,265164
362,"""JOVEM PAN ACOLHE L√âO PICON AP√ìS MASSACRE SOBRE ESCALA 6x1: """"A GENTE TEM QUE ENTENDER O EMPRES√ÅRIO""""""",NEG,13180
363,BOLSONARO NA MIRA / ONDA CONSERVADORA NO MUNDO / FIM DA ESCALA 6X1? - OS PINGOS NOS IS 11/11/2024,NEG,65749
364,ESCALA 6X1: COMO √â TRABALHAR NO SUPERMERCADO,NEG,145263
365,Noubari - escala 6x1,NEG,1942
366,Fim da escala 6x1,NEG,21380
367,CLT e a ESCALA 6X1 - Fuja Disso!,NEG,87847
368,ZEUS REAGE: A ESCALA 6X1 VAI ACABAR COM A BOLSA,NEG,3438
369,A escala 6x1 vai continuar e n√£o haver√° mudan√ßas,NEG,66113
370,A verdade sobre CLT e a escala 6x1(as empresas n√£o querem que voc√™ saiba disso),NEU,37602
371,JOGADORES E A ESCALA 6x1 ü§£ #Shorts #Futebol,NEG,170030
372,üö® TODA VERDADE SOBRE ESCALA 6X1 | Eduardo Marinho,NEG,106018
373,"""Fim da escala 6x1 proposta de Erika Hilton, @NikolasFerreiraO √© Cobrado e VOC√ä TRABALHADOR?""",NEG,4784
374,2 passos para TANKAR e SAIR da ESCALA 6x1,NEG,101
375,SOBRE O FIM DA ESCALA 6X1... O BURACO √â MAIS EMBAIXO,NEG,162100
376,CLT | S√ì IDIOTAS RECLAMAM DA ESCALA 6X1,NEG,93669
377,ESCALA 6x1 #shorts,NEG,198053
378,ARTHUR DO VAL DETONA ESCALA 6X1 | Cortes do @MBLiveTV,NEU,22561
379,MELHORES MOMENTOS - DEPUTADOS DIVERGEM ESCALA 6X1,NEG,8954
380,FIM DA ESCALA 6X1: PROJETO OU PROPAGANDA? | Magna Carta | AO VIVO,NEG,17115
381,3 trabalhos para fugir da escala 6x1 #trabalho#work#escala#6x1,NEG,337
382,1¬∞ DE MAIO! PELO FIM DA ESCALA 6x1!,POS,662
383,ADEUS ESCALA 6X1: POR QUE EU PEDI DEMISS√ÉO DO MEU EMPREGO?,NEG,65859
384,Escala 6x1,NEG,6252
385,RENAN FALANDO SOBRE A ESCALA 6X1 KKKKKKKKKKKKKKKKKKKKKKKKKKKKKKKKKKKKKKKKKKKKKK,NEG,35857
386,Escala 6x1: Por Que N√£o Tenho Escolha,NEU,7212
387,MAM√ÉE FALEI DEBATE CONTRA ESCALA 6X1 | CORTES,NEG,12958
388,A Escala 6x1 n√£o √© sua Verdadeira Inimiga,NEG,24684
389,"""L√©o Picon defende escala 6x1 e internautas relembram oq ele fez com Brino, Tiago responde Petry""",NEG,37669
390,Nikolas Ferreira exp√µe verdade por tr√°s do Fim da Escala 6x1 de Erika Hilton do Psol,NEG,137573
391,NEYMAR SE POSICIONA  SOBRE A ESCALA 6X1 #escala6x1 #neymar #viralvideo #ia #santos,NEG,35079
392,Escala 6x1 em discuss√£o na C√¢mara: Como a esquerda vai desempregar ainda mais brasileiros.,NEG,9421
393,Esse patr√£o √© b√£o mesmo #humor #escala #6x1,NEU,1392
394,Cleitinho confronta aliados e quer Fim da Escala 6x1- Nikolas Ferreira rebate cr√≠ticas,NEG,70768
395,Fim da escala 6x1 e o Deputado Marco Feliciano,NEG,354
396,Como sair da escala 6x1 e come√ßar no Youtube (sem passar fome),NEU,23929
397,Ser√° o fim da escala 6x1? #empreendendor #neg√≥cios #empresario #vendas #empresas #direitotrabalhista,NEG,291347
398,A escala 6x1 tem que acabar no BOSTIL!,NEG,161
399,Posicionamento dos famosos sobre o fim da escala 6x1 üò±,NEU,24573
400,"""Faz tempo que eu n√£o trabalho na escala 6x1, mas lembro como era ruim. N√£o desejo pra ningu√©m! #6x1""",NEG,4375
401,ESCALA 6X1: O INESPERADO DEBATE ENTRE COMUNISTA E DEPUTADO CONSERVADOR | CORTES,NEG,14008
402,FIM DA ESCALA 6x1,NEG,141938
403,"""DEU BRIGA: Nikolas, Bolsonaro, Cleitinho e Escala 6x1""",NEG,164814
404,PROPOSTA DE REDU√á√ÉO DA JORNADA E FIM DA ESCALA 6X1 GERA PREOCUPA√á√ïES NO CONGRESSO,NEU,1023
405,Marco Feliciano √© contra o fim da escala 6x1,NEG,3902
406,VOC√ä √â CONTRA A ESCALA 6x1? ü§î #shorts #short #escala6x1 #escala6x1n√£o #6x1 #clt  #trabalho #viral,NEG,969
407,Estou revoltado! com essa escala 6x1 (O in√≠cio de tudo),NEG,6452
408,TRABALHAR NA ESCALA 6X1 VAI ARRUINAR SUA VIDA? (1 DE 2) - REACT @mbcnate,NEG,16509
409,√â o fim da escala 6x1?,NEG,554
410,REVOLU√á√ÉO TRABALHISTA! Jones Manoel vs. Caporezzo: O Fim da Escala 6x1,NEG,5697
411,Folga?? üòÖ#moto #escala #6x1 #trabalho #fimdaescala6x1 #motoboy #clt #video #videoshort,NEU,2305
412,Escala 6x1 #shorts  #cama√ßari #6x1 #Escala6x1,NEU,551
413,Escala 6x1 tem que acabar!... #fimescala6x1 #clt #trabalhador #6x1,NEU,539
414,E quem n√£o √© a favor do fim da escala 6x1?,NEU,465
415,A ESCALA 6X1 TEM QUE ACABAR? ACABOU A ANISTIA DO 8 DE JANEIRO? e mais...  - #452,NEG,47517
416,Escala 6x1??? #escala #6x1 #policialmilitar #policia #police #exercito #trabalho #clt,NEU,872
417,FIM DA ESCALA 6X1 #FIMDAESCALA6X1 #6X1,NEU,450
418,"""Escala 6x1 tem que acabar, os piores argumentos.""",NEG,69327
419,"""EDUARDO BOLSONARO √â DETONADO PELOS PR√ìPRIOS ELEITORES, FIM DA ESCALA 6X1 - EMBOLADA""",NEG,34450
420,DESABAFO ESCALA 6X1: A REALIDADE DOS TRABALHADORES BRASILEIROS! | REACT. Luideverso,NEG,3363
421,BOLSONARO CONTRA O FIM DA ESCALA 6X1 #noticias #canaldenot√≠cia,NEU,15744
422,Fim da escala 6X1,NEG,68
423,Escala 6x1 voce concorda? #6x1 #escala5x2 #clt #trabalho,POS,3411
424,Nikolas Ferreira √© contra o fim da escala 6x1 ü§¶üèª‚Äç‚ôÇÔ∏è #nikolasferreira #pec #shorts #politica #brasil,POS,1234
425,Fim da escala 6x1! Trabalhadores unidos!,POS,104
426,Escala 6x1 ESCRAVID√ÉO moderna! (Jovem fuja disso),NEG,27598
427,FIM DA ESCALA 6X1 #6x1 #escala6x1 #clt,NEU,4191
428,BOLSONARO SE PRONUNCIA SOBRE FIM DA ESCALA 6X1,NEG,9311
429,ABSURDO! Proposta de Erika Hilton para escala 6x1 avan√ßa sem calcular riscos econ√¥micos!,NEG,15243
430,EU SAI DA ESCALA 6X1 (TROQUEI DE EMPREGO),POS,22898
431,Escala 6x1 - Parte 1  #humor #cenas #comedia #6x1 #escala6x1,NEU,664
432,ESCALA 6x1 (DJ MAK O MAESTRO) x (WEEDBOYZ),NEU,220
433,Sai da escala 6x1 e vem pra 7x7‚Ä¶ #escala #trabalho #empreendedorismo,NEG,1030
434,Escala 6x1 - parte 2 #humor #cenas #comedia #6x1 #escala6x1,NEU,3884
435,A√≠ tu t√° vacilando #humor #escala #6x1,NEG,645
436,Fim da escala 6x1 - SP,NEU,581
437,O QUE RENAN ACHA DA ESCALA 6X1 ??,NEU,4394
438,A escala 6x1 √© desumana! - Pt 2 @paulovcoach #paulovieiracortes #clt #6x1 #escala6x1 #trabalho,NEG,529
439,ESCALA 6X1 √â A ESCRAVID√ÉO MODERNA DO SECULO XXI ?? [REACT],NEG,1222
440,CIRO GOMES FALA SOBRE O FIM DA ESCALA 6X1 / PROCESSO DE PRIS√ÉO DO BOLSONARO E MUITO MAIS - NEWS 70,NEG,6596
441,VENDI MEU PC E AGORA VOU VIRAR CLT NA ESCALA 6X1 #fyb #bancos #clt #6x1,NEG,563066
442,Escala 6X1 #direito #escala6x1 #6x1 #bolsonaro #lula #direita #esquerda #trabalho #trabalhadores,NEU,547
443,FIM da ESCALA 6x1. A VERDADE REVEL4DA!,NEG,39651
444,MAMAEFALEI FOI REFUTADO CONTRA A ESCALA 6X1 | Cortes do @MBLiveTV,NEU,34326
445,ESCALA 6x1 EST√Å ME FOD*ND# #clt #6x1 #trabalho,NEU,608
446,ESCALA 6X1 | S√ì IDIOTAS E IMBECIS RECLAMAM DISSO,NEG,18412
447,A #enfermagem #escala #6x1  #trabalho #plantao #natal #anonovo,NEU,10763
448,6X1 - A ESCALA DE TRABALHO DO INFERNO,NEG,20220
449,FIM DA ESCALA 6x1 Entrevista com Ernani Gragnanello Vereador do PT Eleito em Mogi Mirim,POS,511
450,Escala 6x1 part2,NEG,568
451,Fim da Escala 6X1,NEU,634
452,A ESCALA 6x1 EST√Å ACABANDO COM VOC√ä?,NEG,329
453,Novo!! PAINEL ESCALA 6X1 üòà PACK SENSI YQUEFFX - SENSI GT BLACKK - SENSIBILIDADE FREEFIRE,NEU,5041
454,A escala 6x1 √© o pior erro do bostil,NEG,1828
455,Escala 6x1  #escala6x1,NEG,4
456,ESCALA 6X1 - ONE PIECE LUFFY N√ÉO AGUENTO A JORNADA DE TRABALHO #shorts #6x1,NEU,718
457,O que n√£o te contaram sobre o FIM DA ESCALA 6x1,NEU,84458
458,Desabafo de um jovem trabalhador na escala 6x1,NEG,13000
459,Fim da escala 6x1 e o come√ßo da escala MeninoNey (Neymar),POS,130
460,Por que a PEC da escala 6x1 √© uma üí©: Explicando cada trambique e cilada na PEC do 6x1,NEG,11300
461,Escala 6x1 vale a pena? #6x1 #escala6x1,NEG,564
462,Fim da escala 6x1 #escala6x1,NEU,729
463,ESCALA 6x1: PAVANATO vs FEMINISTA #6x1 #pavanato #entertainment #escala #feminista,NEG,27459
464,Escala 6X1 üò∞#6x1,NEG,2169
465,SUPER XAND√ÉO REAGINDO A Escala 6x1  O Jovem quer SABER!!!,NEG,39951
466,Escala 6x1.   #6x1 #clt,NEU,1
467,#noticias #escala #6x1 #pec #constituicaofederal #fim,NEU,569
468,DEU ERRADO! Vexame escancarado sobre o fim da escala 6x1,NEG,31969
469,ESCALA 6x1: PAVANATO vs FEMINISTA #feminista #entertainment #escala #pavanato #6x1,NEG,3475
470,Saia da escala 6x1 #escala6x1 #6x1 #clt #jornadadetrabalho,NEG,541
471,Cerol fala sobre a Escala 6x1 Deve ou n√£o deve acabar ? #cerol #escala #6x1 #clt,NEG,81
472,ESCALA 6x1 ü•µü•±üèÉ‚Äç‚ôÇÔ∏è‚è±Ô∏è #humor #comedia #escala6x1 #6x1,NEU,800
473,ESCALA 6x1: PAVANATO vs FEMINISTA #entertainment #feminista #pavanato #6x1 #escala,NEG,634
474,As formigas t√™m direito a escala 4x3 ? #shorts #formigas #insects #animals,NEU,3864
475,"""Que p@rr4 de apoio foi esse, T√°bata Amaral? Fim da escala de trabalho 6x1""",NEG,286
